x,y
-781.3845,-477083477.5
123.2803,1873617.99
-954.9319,-870797561.6
-420.5056,-74355885.74
925.7953,793496316.4
-773.6962,-463139040.4
695.0064,335711649.2
886.508,696703476
-849.4914,-613023269
101.7183,1052439.84
-71.6756,-368225.6279
88.3778,690286.785
689.6924,328069850.7
-551.9224,-168125682.9
791.8728,496553762.5
-295.1567,-25713307.19
485.5262,114455854.2
-673.4207,-305393216.1
-366.3459,-49167033.55
805.6739,522971334.2
688.2783,326056026.8
774.5557,464684260.8
-562.4054,-177888734.6
188.3544,6682320.623
423.47,75939537.32
-700.991,-344458833.3
977.0356,932676780.4
-703.0252,-347466290.5
-31.8443,-32292.0131
530.1497,149003187.8
-346.5183,-41608161.39
-778.9837,-472699465.1
582.625,197773157.8
870.9169,660587199.8
644.4332,267629337.6
423.5151,75963802.82
-2.0763,-8.950974335
537.4354,155231126.1
497.0891,122829510.3
107.6642,1247998.183
-100.9256,-1028025.814
600.2636,216284813.1
-953.3962,-866603123.1
-221.5846,-10879745.13
-991.5267,-974794882.1
-742.1268,-408727958.3
-128.8296,-2138193.353
-431.0884,-80112264.92
-289.7722,-24331571.19
-319.9199,-32743399.44
82.128,553954.0486
-748.8338,-419910096
287.5683,23780612.16
664.7292,293720507.7
-513.1091,-135091850.5
280.0514,21964091.5
35.7655,45750.19005
104.6164,1144983.725
-99.7493,-992497.8394
-305.14,-28411713.44
768.4355,453755874.1
382.8227,56103899.23
-675.1747,-307785729.9
405.4796,66666403.75
-293.8687,-25378152.06
-592.7238,-208236616.3
-140.3836,-2766617.539
385.9881,57507137.01
-166.4136,-4608572.746
981.6692,946009495.2
789.7033,492483697.2
415.1072,71528776.87
-744.1658,-412106174.2
182.3618,6064592.308
-78.5737,-485100.378
-386.6812,-57817481.89
-172.7879,-5158696.516
-236.8943,-13294249.75
485.0017,114085324.7
-796.2334,-504802124
-841.8773,-596686756.4
536.3023,154251351.7
-854.9874,-624998742.7
590.8818,206301240.7
-473.5684,-106205778.3
122.5126,1838832.92
-180.9686,-5926655.449
75.6114,432276.7108
-279.9115,-21931191.38
714.3427,364518716.9
-326.8469,-34916693.5
957.1626,876914320.1
228.0157,11854800.62
500.5265,125395290.9
-525.745,-145320021.5
-562.4736,-177953457.4
855.7142,626593977.9
361.6386,47295991.89
426.3112,77478325.79
128.6865,2131076.144
-159.4726,-4055629.046
-909.0796,-751286762.2
-587.1376,-202404274.4
-123.6212,-1889204.037
691.7923,331075597.4
-912.023,-758607919.8
-66.8074,-298176.7047
350.6849,43127193.61
-881.3174,-684537167.8
517.1138,138279685.6
796.9701,506204596.9
-578.0242,-193124807.5
-695.2926,-336126552.9
159.9082,4088953.804
-417.9352,-73000670.92
782.0497,478302952
-726.7754,-383884570.2
991.7826,975549822.1
-37.4997,-52733.10939
-421.7268,-75005584.83
540.137,157583878
693.8256,334003455.4
-601.7867,-217935387.8
395.0627,61659227.96
747.2163,417194919.9
226.0038,11543758.28
248.6324,15369975.19
681.6438,316717796
-920.8393,-780821095.4
920.5465,780076497.3
-799.1454,-510360920.2
-100.9883,-1029942.986
-868.0698,-654129811.7
-533.5698,-151905578.1
-921.2654,-781905525.1
-410.3323,-69088714.75
-115.2544,-1530990.665
-692.2018,-331663876.8
-766.8682,-450985093.5
-813.9176,-539189366.8
-844.058,-601335539
-482.0602,-112022131
-610.5165,-227558057.3
-474.4731,-106815625
-973.4179,-922354741
-6.2409,-243.0757707
570.3739,185557679.4
277.1745,21294125.94
-296.4593,-26055249.51
-548.6372,-165141320.9
-304.7334,-28298288.62
753.816,428347319.7
720.1396,373465148
-336.0817,-37960733.54
792.8931,498475612.3
-932.071,-809742599
-596.4812,-212221939.9
730.6755,390097921.5
755.5234,431264548.9
131.5311,2275544.624
-185.5524,-6388512.194
-274.0083,-20572693.45
430.4852,79776444.24
-195.456,-7467014.937
920.4362,779796124.3
912.6601,760198823.1
-852.0987,-618685173.1
942.8877,838262254.7
369.6952,50527921.73
-257.6487,-17103455.68
-982.1767,-947477448.1
877.5119,675707974
332.3548,36711815.85
-220.8554,-10772687.63
-957.7542,-878541326.5
355.167,44802043.23
819.2866,549930181.1
-461.2611,-98138743
879.8988,681236919.2
551.8836,168090227.8
-395.7625,-61987471.6
-485.7828,-114637419.5
-618.8717,-237029210.9
-18.4789,-6309.985275
-648.6809,-272956431.5
885.7711,694967538.5
468.9679,103140528.2
-302.4573,-27668920.33
138.6573,2665804.014
74.7194,417157.5686
-295.3342,-25759725.15
-501.0003,-125751726.9
202.2608,8274374.285
620.1827,238538751.7
6.1794,235.9602924
-616.6122,-234442497.7
924.4024,789920151.3
-995.1271,-985452419.8
-271.0963,-19923735.65
805.2052,522059150.9
-535.6874,-153721386.9
394.8931,61579851.32
-178.4415,-5681821.633
910.836,755649783.4
-730.1478,-389253335.7
964.8639,898251959.5
-631.7122,-252091262.3
196.1584,7547806.04
-440.9402,-85731235.84
-383.8755,-56568047.04
-19.8449,-7815.31963
-72.4727,-380647.8002
190.1111,6871039.167
-999.1939,-997583648.9
12.819,2106.504749
-215.1125,-9953984.102
805.5114,522654956.7
731.295,391090991.4
67.3408,305375.9383
245.88,14865160.87
-798.1238,-508406137.7
-964.906,-898369545.1
-420.0531,-74116104.07
70.0919,344352.7044
-834.5137,-581166285.7
-763.0954,-444361584.6
-367.2224,-49520781.97
154.5903,3694423.856
-295.2252,-25731213.98
-701.8404,-345712507.1
108.8326,1289071.521
838.4152,589355620.6
-648.5698,-272816207.2
-351.4739,-43418942.45
280.7392,22126319.23
741.2302,407248334.2
34.9644,42744.30303
79.2553,497834.4457
260.1548,17607412.13
-230.2166,-12201406.8
657.1911,283840929.4
-687.1575,-324465759.5
-578.5642,-193666574.7
710.0465,357981326.6
950.0793,857589722.7
-595.6614,-211348112.5
86.668,650993.0079
348.8907,42468622.96
-877.8986,-676601676.2
-404.2795,-66076215.32
838.3762,589273380.4
-8.1879,-548.9307879
-78.5162,-484036.1722
329.9373,35916519.8
-835.9022,-584072023.9
842.4475,597899978.1
-247.9825,-15249763.27
-828.8323,-569377108
-907.6195,-747672580.7
108.75,1286138.672
463.2276,99399290.12
-519.3591,-140088742.4
-618.8467,-237000486.9
936.3157,820855886.4
58.9494,204851.0373
858.7697,633330113.7
118.3638,1658275.554
970.5328,914177760.8
-660.1534,-287696509.7
138.5012,2656810.682
-588.7046,-204029181.8
141.6927,2844739.008
339.0554,38977321.99
524.2408,144076268.9
-231.0277,-12330825.83
135.8152,2505215.745
-65.4898,-280880.1138
-999.9948,-999984400.1
-884.4878,-691951317.9
932.6168,811165933.8
-586.3697,-201611156.8
-175.2488,-5382266.014
-691.9709,-331332084.9
251.5901,15925044.08
-114.036,-1482948.011
-921.2541,-781876753.5
87.4113,667886.6114
-166.9715,-4655078.897
108.0293,1260737.544
189.2121,6774023.789
-444.3914,-87760065.21
-397.3882,-62754503.98
-11.2105,-1408.883066
150.215,3389533.311
136.8226,2561377.067
-878.9919,-679132664
-123.1778,-1868948.479
-829.3827,-570512174.7
-428.3162,-78576648.75
64.3571,266556.5743
-888.8679,-702282211.3
215.0223,9941467.773
119.5252,1707569.69
-437.2472,-83595155.74
-148.0117,-3242560.891
-32.0016,-32772.91545
772.5284,461045048.6
463.0139,99261786.46
-865.5895,-648538762.9
412.5069,70192975.42
995.4655,986458091.8
-232.1418,-12510078.73
592.4568,207955334.6
-293.6272,-25315636.51
-608.8772,-225729924
842.0458,597045105
490.9725,118350882.9
117.9515,1641006.891
-466.3708,-101436452.6
-206.5259,-8808938.343
109.3192,1306439.596
-34.851,-42329.7528
-613.8169,-231268521.8
626.1127,245446893.1
80.8296,528094.0676
-95.3527,-866959.8496
-936.2187,-820600796.9
242.4862,14258081.18
-689.1804,-327339755.3
-331.8603,-36548192.56
-201.952,-8236533.62
49.2301,119314.2055
-116.7844,-1592775.26
94.866,853752.0651
-867.702,-653298702.2
571.716,186870625.6
485.175,114207662.7
566.0977,181415408.6
-611.5332,-228696816.5
-821.039,-553466527.5
431.8643,80545617.23
43.0045,79531.96411
946.0009,846592952.3
-348.6879,-42394608.68
1.6393,4.40529825
121.7285,1803751.941
34.395,40689.83618
-791.8801,-496567495.3
-36.4155,-48290.18088
623.5332,242425749.7
-668.9308,-299325404.9
-910.68,-755261586.7
-997.4553,-992385310
-824.4808,-560456150.5
-603.4757,-219775542.9
861.3005,638945915.2
620.29,238662584.5
814.6095,540565608.2
-643.518,-266490724.5
543.4209,160475601.5
82.5752,563052.515
-350.0926,-42909039.5
-37.0357,-50799.76141
-156.0395,-3799300.546
-903.771,-738201978.8
352.9147,43955097.26
-754.5307,-429566835.5
-93.3066,-812338.606
-406.9768,-67407614.49
1.657,4.549540393
-279.074,-21734924.29
196.0895,7539855.407
-495.9958,-122020836.2
955.8562,873328603.3
-44.6106,-88779.80632
-368.1003,-49876792.19
-924.573,-790357575.3
851.8894,618229384.3
7.3529,397.5355562
-297.4502,-26317388.75
619.9781,238302745.8
978.7338,937548536.1
-706.2567,-352279801.1
-602.8704,-219114886.2
-419.4531,-73798957.22
-873.0516,-665456601.5
-998.221,-994672488.9
-780.7496,-475921485.2
-56.8906,-184128.7235
-641.8094,-264373682.6
284.5266,23033960.76
-286.1808,-23438050.2
440.6473,85560505.19
-90.1841,-733482.7873
271.6714,20050802.65
-625.6578,-244912296
-695.8651,-336957530.8
968.9121,909605627.4
641.5923,264105490.3
-498.4381,-123832230.5
-577.1851,-192284967.8
-801.5791,-515037860.5
-69.9464,-342212.6832
-102.2529,-1069121.102
-911.4928,-757285650
47.926,110081.3001
-274.2966,-20637698.96
54.4892,161782.408
-305.5792,-28534572.39
-377.8715,-53955088.94
873.1011,665569797.5
435.063,82348643.7
-777.4062,-469833521.8
-861.6638,-639754786.1
144.2345,3000595.545
849.9498,614016197.9
391.2615,59896486.37
-890.7088,-706654663.2
-803.1548,-518081134
172.0447,5092416.246
390.2183,59418666.06
664.3377,293201842.9
538.373,156044984.4
376.4933,53366872.96
-660.4032,-288023223.7
863.5529,643971787
-376.4402,-53344295.81
-439.6445,-84977692.38
-782.6389,-479384833.9
260.9646,17772347.53
-113.7453,-1471635.926
987.549,963110152
-168.9029,-4818493.96
609.3465,226252279.2
-206.2074,-8768246.271
-655.8033,-282046550.9
689.7132,328099533.8
-617.8616,-235870492.7
-401.3523,-64651300.93
-554.0291,-170058259.2
149.3449,3330973.589
-720.1647,-373504200
523.5937,143543402.8
936.5034,821349647.9
530.4203,149231467.8
175.6429,5418658.696
-594.9189,-210558752.5
114.7683,1511700.811
888.8732,702294773.8
191.4357,7015664.173
922.9615,786232073.3
-913.4677,-762218676.9
-777.9206,-470766788.1
493.874,120461561.9
359.5959,46499062.21
541.5911,158859999.5
-812.4109,-536200512.7
-639.674,-261743615.2
-534.9693,-153104015.2
978.6941,937434452.5
950.2708,858108400
-50.209,-126574.0613
-127.7521,-2084990.802
-283.2383,-22722490.85
143.5486,2957991.242
689.7835,328199870.1
323.1841,33755920.76
-346.138,-41471318.19
383.7385,56507503.53
-483.9845,-113369011.4
-537.2216,-155045939.8
758.5245,436424214.2
163.0286,4333027.02
-685.0779,-321528795.4
25.025,15671.92189
-734.2411,-395836714.2
-652.4878,-277790370.7
99.646,989417.5504
-998.1939,-994591480.1
147.1266,3184737.168
284.8198,23105242.52
146.5539,3147691.348
-165.9545,-4570535.637
620.539,238950115.3
563.8546,179267426.3
926.7242,795887185.7
981.9542,946833676.1
-267.2316,-19083737.57
-330.3809,-36061583.72
274.2429,20625580.39
-617.0676,-234962325.2
341.3684,39780473.65
-78.1391,-477095.3835
667.624,297574574.6
-295.0923,-25696479.76
906.8912,745874162.6
388.8708,58805236.46
-660,-287496000
-440.3597,-85393084.59
253.1598,16224982.3
-40.6905,-67371.94405
147.9417,3237962.499
-550.0698,-166438351.5
695.874,336970459.9
307.2831,29014562.51
846.2699,606075436.1
-350.2352,-42961494.1
-352.7864,-43907175.86
-364.6152,-48473492.14
938.3061,826101896.4
592.2238,207710078.5
439.2255,84734961.74
255.2016,16620733.22
521.5279,141851077.8
947.1942,849800711.1
-732.2096,-392560190.6
705.0249,350439754.1
-172.0329,-5091368.499
-194.4147,-7348307.109
562.8193,178281773.2
180.8366,5913696.051
-221.2936,-10836937.33
-887.3857,-698774869.3
-398.8964,-63471732.18
-741.8901,-408336993.9
76.8415,453719.5598
142.4381,2889871.392
-661.0043,-288810417.3
727.0149,384264208.7
80.049,512941.3764
787.531,488430723.7
238.0757,13494139.94
51.9478,140184.9785
902.2588,734502671.4
-931.2602,-807631273.8
83.9281,591183.3232
370.0673,50680645.14
-718.7604,-371323491.2
982.89,949543247.3
543.3557,160417846.5
679.9177,314317847.3
583.5354,198701718.2
887.9453,700097679.9
-81.2964,-537296.4155
942.41,836988820.8
882.9717,688399193.5
338.2197,38689819.17
725.1593,381329376.4
-328.7883,-35542589.37
801.3951,514683265.8
792.4131,497570861.8
-743.3642,-410775871.4
70.1625,345394.2996
-751.0772,-423695387.1
863.2721,643343793.6
263.3748,18269331.51
985.9386,958406188.6
940.6664,832351745.7
873.3214,666073732.4
135.0805,2464778.963
857.0756,629589380.7
-433.9325,-81708367.84
684.1578,320235038.1
785.1989,484104419.6
-297.7129,-26387178.78
548.7115,165208423.5
589.1824,204526363
-675.055,-307622059.3
-995.4585,-986437282
749.9673,421819821.2
-249.8465,-15596236.42
-186.7768,-6515815.695
-996.27,-988851686.8
-762.3759,-443105843.3
-922.8884,-786045275.7
9.4208,836.1098734
499.4139,124560940.1
967.7305,906281859
100.0932,1002798.607
-782.4602,-479056535
-871.0717,-660939508.1
-33.6642,-38150.90942
-426.2385,-77438694.79
-511.4318,-133771373.1
-468.7225,-102978699.8
231.7959,12454240.55
-971.7513,-917625325
-499.1228,-124343253.5
-397.4326,-62775540.93
19.4178,7321.50007
-376.8832,-53532846.43
-164.8817,-4482469.773
-932.1731,-810008728.2
665.2447,294404381.8
289.0758,24156566.66
719.5872,372606381.4
442.7918,86815787.47
619.217,237426184.3
955.0379,871087576.4
319.4319,32593789.32
-486.8731,-115411036.3
-692.8285,-332565530
-462.995,-99249631.5
-612.5982,-229893741.9
61.6882,234750.3749
-380.4181,-55053320.27
-91.1851,-758178.7992
349.8316,42813142.77
587.618,202901506.7
859.7536,635509444.3
371.2844,51182336.35
-461.3841,-98217273.04
-75.9036,-437307.6987
-330.7654,-36187636.61
564.3361,179727071.4
-265.481,-18711143.72
-941.1295,-833581677.7
998.196,994597757.4
470.213,103964219.1
-33.3352,-37043.25961
341.3962,39790193.24
29.5925,25914.62739
-566.6284,-181926101.9
-957.839,-878774706.5
667.7763,297778271.3
-285.7091,-23322345.21
-211.9446,-9520660.259
-534.2554,-152491895
225.0293,11395075.52
630.1398,250213496.8
472.9614,105797911.3
949.7658,856741059.8
198.7984,7856672.571
-246.824,-15037033.2
-416.7163,-72363816.74
450.556,91463187.51
638.96,260868123.5
151.8103,3498675.916
361.5626,47266179.75
419.5774,73864585.03
730.1543,389263731.6
343.8245,40645311.88
-140.8199,-2792493.01
-239.302,-13703736.05
-610.446,-227479233.9
696.4903,337866565.6
857.0301,629489116.1
-543.1875,-160268916.8
77.5957,467210.8996
100.6179,1018651.776
-111.1739,-1374068.941
728.7658,387047218.5
452.2048,92470989.26
-959.5834,-883584684.1
-362.368,-47582747.7
434.925,82270306.72
-423.4407,-75923775.58
777.2074,469473173.5
255.1243,16605634.64
-269.6809,-19613295.28
-177.9827,-5638107.76
127.0794,2052227.33
-496.2431,-122203443.4
-961.8054,-889736963.1
155.2845,3744417.998
314.8742,31218442.44
314.9086,31228675.4
-630.6637,-250838100.4
941.9929,835877987.3
-322.6909,-33601615.27
94.8902,854405.5996
416.0757,72030604.17
433.1222,81251489.87
732.5996,393187797.9
-406.7911,-67315384.05
-324.4565,-34156191.28
-988.4187,-965656926.2
-10.7224,-1232.752846
-914.5558,-764945730.5
-363.466,-48016596.65
-476.4252,-108139454.6
519.0028,139800621.6
-927.6764,-798343006.1
-363.124,-47881181.81
490.7011,118154725.2
-668.3633,-298564236.1
-640.7149,-263023450.8
150.0862,3380821.844
-376.5353,-53384735.1
72.7643,385261.0174
-586.3642,-201605483.7
-42.9814,-79403.87042
-798.0435,-508252699.5
376.5224,53379248.44
316.1676,31604730.23
439.9809,85172907.2
-484.0502,-113415186.6
864.6669,646467211.7
433.1598,81272652.4
813.196,537756540.5
-535.4905,-153551941.4
673.2932,305219786.9
913.422,762104283.2
335.584,37792336.16
828.318,568317850.4
-907.8357,-748207007.2
-284.8928,-23123012.86
-130.7136,-2233378.481
453.6997,93391096.89
-566.9771,-182262177.6
-850.0269,-614183307.6
717.1798,368879182.2
687.7781,325345668.5
-80.7599,-526729.1063
692.1749,331625211.5
172.8385,5163229.932
280.2567,22012431.21
-372.0952,-51518380.59
-535.9218,-153923266.2
-959.5309,-883439666
-974.197,-924571204.9
740.5501,406128376.2
207.2597,8903168.556
464.068,99941270.82
-934.234,-815393051.4
587.9229,203217511.9
-284.1206,-22935497.73
650.2912,274994261.4
262.0434,17993666.93
851.6651,617741178.9
-786.7189,-486921275.7
-575.574,-190679279.8
622.7187,241476972.8
-184.3205,-6262113.278
958.8047,881435347.6
-26.6284,-18881.4445
-476.4285,-108141701.7
-520.3016,-140852799.8
794.7487,501983542
-767.3938,-451913024.5
-433.2769,-81338583.73
-616.538,-234357873
-694.0974,-334396137.8
949.0592,854830305.7
630.9641,251196711.5
492.1303,119190135.9
-744.7872,-413139398.2
-942.2555,-836577237
105.1783,1163532.292
-570.6812,-185857759.5
-40.5074,-66466.5452
-265.79,-18776554.9
-963.0033,-893065528
-741.5946,-407849257.8
257.2524,17024654.44
147.2648,3193720.131
682.5603,317997037.4
543.1335,160221123.1
-190.0571,-6865185.789
-478.8409,-109792763.2
-512.0243,-134236839.2
-627.6891,-247305492.1
940.1651,831021724
741.9574,408448130
-470.7839,-104343357.5
-326.0343,-34656912.95
50.1531,126151.7695
-739.7928,-404883707.1
735.5289,397923167
662.1394,290300840.2
-806.0732,-523749289
-941.8187,-835414343.6
-848.843,-611620614.5
-383.4333,-56372783.84
519.472,140180121.2
-109.0809,-1297914.659
418.5186,73306805
630.7416,250931063
548.779,165269400.6
557.5307,173303111.2
-158.2838,-3965604.55
-989.4749,-968755867.2
391.2446,59888725.27
-687.6608,-325179234.6
787.6015,488561908.8
-532.6272,-151101934
-159.0355,-4022372.028
-332.057,-36613219.54
890.4202,705967992.8
-452.2668,-92509029.46
-101.6502,-1050327.442
-192.1746,-7097214.928
-385.3051,-57202402.89
951.228,860704109.6
420.646,74430389.29
477.3593,108776771.3
365.5083,48830562.85
322.174,33440400.3
132.3705,2319389.186
-532.6015,-151080062.5
616.4181,234221170.8
-195.5746,-7480615.831
359.5428,46478466.3
-896.0918,-719544254.2
-254.1273,-16411715.01
583.556,198722762.7
952.2395,863452751.3
-330.3238,-36042889.29
-787.0227,-487485583.2
903.2881,737019309.9
-531.0393,-149754536.7
-38.5329,-57213.04813
599.0183,214941497.8
134.6528,2441440.62
-206.9889,-8868316.205
340.1011,39339071.91
82.3612,558686.268
65.5207,281277.8837
148.459,3272047.447
-264.0466,-18409489.22
-993.8376,-981626491.5
-474.1979,-106629869.8
-54.2153,-159354.9637
914.3713,764482869.7
704.9326,350302136.2
523.3773,143365497.9
-643.9411,-267016706.9
945.7228,845846541.9
960.7993,886947745.1
-886.0973,-695735621.5
-517.3866,-138498646.7
523.8717,143772165.6
413.0499,70470534.26
153.7656,3635612.28
661.35,289263791
-111.9841,-1404329.736
887.4644,698960803.6
377.5602,53821850.11
-825.1922,-561908164.8
328.4639,35437488.51
161.4232,4206276.882
-381.2043,-55395357.89
-903.0669,-736477991.7
-16.8296,-4766.739096
-158.1063,-3952278.377
-309.4948,-29645588.07
329.861,35891607.83
859.2283,634345288
949.7308,856646347.5
-445.7626,-88574943.42
406.4873,67164679.09
-861.6525,-639729616.9
175.2882,5385897.005
-69.6913,-338482.0927
-976.7595,-931886309.8
-877.2045,-674998103.7
685.0309,321462624.1
-78.753,-488428.8631
552.14,168324616.1
348.5524,42345204.29
784.6046,483006027
-717.5828,-369501377
-512.7896,-134839652.8
842.5938,598211527.3
-828.1344,-567940024.3
761.1391,440952792.4
775.0707,465611779.2
310.1238,29826705.8
139.7764,2730873.308
581.804,196938265.4
-217.5428,-10295184.69
826.647,564885311.3
-13.358,-2383.550279
999.2476,997744497.9
-237.4882,-13394487.69
-396.8092,-62480600.96
544.36,161309006.4
-786.3374,-486213257.6
858.975,633784439.5
-570.1,-185290487.1
582.9263,198080147
519.107,139884841.7
753.941,428560444.5
473.5426,106188421
769.7286,456050430.9
702.1493,346169181.9
264.3484,18472686.44
505.9756,129535475.1
-226.7302,-11655424.98
-965.9367,-901251501.3
557.4463,173224418.3
441.4076,86004152.23
272.4036,20213360.81
49.2601,119532.4627
351.8117,43544252.07
710.3015,358367152.1
897.3901,722676316.5
820.1582,551687182.6
702.101,346097749.1
638.7426,260601940.5
-260.5382,-17685373.05
-238.302,-13532656.61
821.0586,553506165.9
-2.2644,-11.61072767
782.434,479008414.2
-476.1093,-107924487.3
931.7873,809003425.5
949.5033,856030887.8
-637.0313,-258512956.6
-856.4475,-628206228.4
814.9246,541193141.2
964.8871,898316756
-83.5413,-583047.1641
-920.1258,-779007475
644.3746,267556335.5
293.0883,25176505.25
128.3599,2114891.59
-821.7752,-554956691.3
320.8457,33028486.25
-376.6925,-53451625.91
487.5424,115887654.4
965.6685,900500990.8
-511.9676,-134192249.2
-815.1601,-541662464.9
276.2333,21077936.66
-596.8313,-212595845.4
-63.1058,-251308.8774
-479.9579,-110562903
-812.749,-536870241
-560.1745,-175780220.8
188.5823,6706605.868
32.0014,32772.30099
582.967,198121639.9
-933.7497,-814125627.4
197.265,7676267.677
-607.9907,-224745398.5
398.6579,63357951.06
427.144,77933275.69
-584.7488,-199943835
-415.2706,-71613278.44
709.6258,357345395.5
-962.4943,-891650174.2
125.2199,1963450.957
-419.7221,-73941032.61
491.1055,118447089.5
453.8743,93498959.17
580.9091,196030902.5
878.335,677611186.1
-945.9239,-846386243.1
687.0805,324356696.9
-98.8605,-966203.0585
-325.974,-34637687.13
-114.5234,-1502044.153
-699.9458,-342920332.2
-296.4592,-26055223.15
-901.3565,-732301265.7
900.2816,729684502.1
32.7668,35180.50676
-317.6982,-32065961.2
623.4097,242281730.1
797.5833,507373938.9
-801.5008,-514886945.1
-73.1611,-391598.1936
544.619,161539362.7
-278.1676,-21523833.83
-543.0643,-160159890.1
-930.5932,-805897158
695.5785,336541362.9
-30.1855,-27503.95331
-568.3283,-183568368.1
178.1597,5654945.428
670.7007,301707619.9
-38.1265,-55421.82428
184.254,6255337.901
941.9931,835878519.7
-554.7026,-170679202.3
-534.8206,-152976380.4
69.5608,336584.1836
-703.1297,-347621259.2
701.2799,344884895.2
127.1398,2055154.952
15.1662,3488.432601
-806.3195,-524229539
312.6629,30565327.62
-486.8383,-115386290.5
-747.3684,-417449738.7
996.8809,990671856
423.1581,75771864.75
-266.0908,-18840376.51
-286.5717,-23534224.94
-147.1125,-3183821.62
68.8291,326074.0761
905.4993,742445119.5
-863.8533,-644644066.9
197.7694,7735302.247
-639.1711,-261126766.3
312.2322,30439188.31
-878.5979,-678219828.5
-789.6882,-492455447.2
42.873,78804.60959
479.2851,110098596.7
357.7618,45791186.93
67.9646,313941.1868
742.5539,409434043.3
430.1647,79598394.09
60.9325,226228.331
304.7616,28306145.51
-974.4559,-925308535.6
647.3918,271332354
690.8527,329728417.1
417.635,72843476.24
865.0328,647288253.1
-893.1567,-712496903.6
551.1645,167434022.8
-880.7303,-683170041.4
-159.3717,-4047935.797
945.903,846330142.1
408.677,68255961.69
853.705,622190642.3
256.1958,16815741.3
-414.3477,-71136877.36
-905.1852,-741672768.4
614.0773,231562980.4
181.0174,5931451.289
-309.0702,-29523741.87
-873.9165,-667436291.3
-539.682,-157185977.4
-179.3448,-5768546.094
-718.1021,-370304159.5
-88.2148,-686474.4242
845.8559,605186384.7
-700.0582,-343085561.1
-222.2617,-10979786.5
974.3748,925077525.8
-194.2627,-7331085.114
-673.8224,-305940049.5
-241.4448,-14075167.42
-108.6753,-1283490.159
223.9757,11235766.57
-619.7377,-238025643.6
410.9675,69410062.5
-54.0786,-158152.5941
927.4695,797808961
655.3478,281459257.4
-151.8606,-3502154.766
-316.3581,-31661892.91
854.5883,624123920.7
728.5836,386756992
831.1067,574077268
-687.1411,-324442528.5
-708.8454,-356167736.4
714.6958,365059529.5
525.7756,145345397.2
541.7659,159013866.6
-832.006,-575942828.1
198.6157,7835031.119
550.0027,166377450.3
-553.8348,-169879401.8
-733.5591,-394734719.4
797.6439,507489597.8
702.5358,346741145.9
-831.7571,-575426091.6
741.2798,407330093.6
152.0398,3514567.34
103.4258,1106335.037
-869.8542,-658171987.4
-905.6192,-742740087
519.8561,140491300.6
-424.8994,-76711125.28
25.5999,16777.01939
-550.9659,-167253094.5
-70.8465,-355594.6346
118.3694,1658510.933
-784.1598,-482185030.2
-270.8478,-19868996.67
-422.0282,-75166514.91
-443.9389,-87492253.94
-395.091,-61672479.64
576.1981,191300218.3
126.1659,2008287.893
537.2757,155092785.5
835.6006,583440038.8
864.5886,646291604.8
598.9319,214848504.3
-97.1515,-916956.0731
-279.1507,-21752849.93
-779.495,-473630870.6
247.8433,15224097.23
464.6906,100344058.5
594.2093,209806207.8
416.2214,72106300.98
971.207,916084240.1
-109.9536,-1329316.39
-306.8338,-28887475.88
-379.1639,-54510597.83
-857.2607,-629997380.3
877.9159,676641676.6
-264.0665,-18413651.85
508.8301,131740219.5
-782.4066,-478958092.9
-532.9701,-151393955.6
526.2765,145761199.4
-138.9767,-2684268.688
34.1184,39716.04275
950.8513,859681960.8
-353.636,-44225159.59
645.7513,269274896.4
-640.0856,-262249199.3
-992.8554,-978718971.2
-760.583,-439986997.5
130.9391,2244957.143
371.6184,51320588.45
304.9634,28362412.08
968.5145,908486297.4
26.947,19567.31638
617.9204,235937840.3
248.3121,15310650.7
-429.5636,-79265174.51
994.1193,982461444.5
-368.1529,-49898176.8
26.32,18232.97997
-214.1848,-9825755.234
82.0023,551414.3969
-729.2562,-387829098.1
746.7818,416467557
-230.7019,-12278731.81
-275.8059,-20980249.9
-131.2971,-2263421.315
626.0545,245378453.3
-427.1162,-77918060.19
328.7377,35526182.05
476.1125,107926663.5
-484.3825,-113648925.3
-415.3865,-71673255.93
-457.6173,-95831283.13
-704.4982,-349654936
987.4221,962738920.8
824.1755,559833781
-164.2863,-4434085.326
557.0746,172878136
779.0483,472817075.7
-725.3366,-381609147.6
761.8865,442253048.2
-70.883,-356144.5232
167.245,4677991.502
670.1498,300964780.8
527.0322,146390013.3
54.0908,158259.6548
809.7216,530893213.6
-959.7465,-884035308.3
52.3655,143593.8249
960.0752,884943929.2
779.0659,472849121.6
-599.6756,-215649837.4
-810.3412,-532112866.9
240.56,13920993.97
-643.7108,-266730320.6
567.5558,182820839.4
197.6014,7715606.169
-531.2005,-149890954.6
-835.014,-582212158.9
-287.626,-23794929.63
415.3166,71637079.13
2.284,11.9148423
443.1217,87009977.2
430.6523,79869379.98
-775.0935,-465652870.6
44.8808,90402.77647
400.1271,64061027.39
116.3124,1573540.956
-194.5775,-7366782.663
-733.3485,-394394839.8
-871.508,-661933154.3
-176.5629,-5504252.65
-325.2506,-34407595.12
-800.8973,-513724749.1
731.7191,391771802.4
684.8225,321169327.4
-580.4095,-195525559.2
770.7946,457947814
-920.8892,-780948039.6
547.3212,163955810.1
685.4902,322109661.2
-161.6079,-4220731.841
263.5351,18302710.06
-871.4169,-661725597.5
165.1588,4505107.477
-97.9089,-938569.666
811.2811,533966579.4
786.3565,486248688.6
-576.8955,-191995678.7
-843.7655,-600710594.8
689.0067,327092311
-826.9873,-565583225.7
-264.032,-18406435.63
-273.9587,-20561523.49
125.082,1956971.272
422.1436,75228192.7
357.6874,45762624.72
-725.806,-382350499.7
-935.8634,-819666884.3
-807.9315,-527379959.8
393.8818,61107953.83
-854.5683,-624080102.5
311.9323,30351561.72
368.422,50007675.46
669.0557,299493102.7
717.468,369324065.2
-872.2972,-663733037.5
87.9232,679689.3391
343.0986,40388417.58
-660.2438,-287814715.5
-7.4177,-408.1387166
239.8615,13800081.01
981.9059,946693965.4
-592.6034,-208109744.8
996.9127,990766664.8
319.9476,32751905.36
278.1436,21518263.15
-307.5708,-29096135.25
-416.2862,-72139984.13
940.5104,831937703.1
-386.9347,-57931268.2
-874.4642,-668691962.8
497.9394,123460910.4
861.5701,639546102
223.2989,11134218.79
966.3384,902376367.9
685.1652,321651729
683.2738,318995314.7
-11.9478,-1705.547552
979.0485,938453199.1
-252.904,-16175849.4
-407.1724,-67504852.96
-790.4197,-493825221.9
-20.8921,-9118.980516
987.3812,962619293
-546.4637,-163186397.5
-624.9625,-244096682.3
362.5396,47650378.39
-459.2894,-96885607.6
-359.1826,-46338915.93
760.6562,440114045.4
-412.7162,-70299874.32
-598.2797,-214147397.9
-829.8826,-571544403.7
-623.8704,-242819266.1
186.6679,6504425.222
-634.473,-255410905.2
-687.9199,-325546940.7
-507.69,-130856658.9
-548.9407,-165415535.6
151.6382,3486790.561
832.6039,577185380.7
285.4204,23251717.15
-115.3894,-1536376.817
789.4092,491933672.2
971.7349,917578866.2
880.5064,682649145.6
214.5237,9872470.315
-261.8479,-17953423.92
-541.9459,-159172414.9
597.3858,213188947.4
-694.4217,-334865072
-772.6478,-461258855.5
366.1431,49085425.8
-613.7538,-231197206.4
595.3569,211024157
-751.2588,-424002792.3
-499.7418,-124806450
293.6423,25319542.33
688.6843,326633366.7
301.2135,27328972.11
368.8659,50188651.33
-203.4605,-8422486.476
-207.8428,-8978524.114
-592.8638,-208384206.2
-499.9314,-124948557.1
-533.0227,-151438784.3
462.6892,99053103.49
80.6027,523659.2383
-465.9904,-101188442
-308.2858,-29299523.89
769.0921,454920021.6
294.238,25473949.28
-418.6419,-73371614.96
-549.7464,-166144964.1
238.3549,13541670.84
49.3312,120050.7949
-526.7473,-146152737.6
-970.5359,-914186520.8
-591.2585,-206696056.9
-189.2898,-6782372.481
-858.0655,-631773379.3
978.5474,937012969.4
947.5229,850685724.2
484.1985,113519460.7
166.0615,4579381.966
929.1228,802083075.3
363.667,48096301.55
-957.845,-878791220.8
-42.4455,-76470.68167
-720.517,-374052615.9
906.689,745375374.6
252.836,16162804.98
99.8835,996509.0701
36.4577,48458.25833
-259.5425,-17483382.16
777.2114,469480422.1
160.511,4135370.272
611.4079,228556269
558.574,174277832.5
-475.8294,-107734256
510.5813,133105105.6
-630.5689,-250725001.1
412.4074,70142194.33
746.0013,415163106.4
-338.9506,-38941190.19
92.0191,779173.0879
-970.3074,-913540973
-823.4647,-558386564.6
249.2625,15487126.28
-957.0712,-876663132.9
-773.8505,-463416190.3
-967.5032,-905643408
11.4982,1520.160962
-776.3027,-467835625.4
761.096,440877888.9
-556.2858,-172144805.5
884.2033,691283823.6
-174.881,-5348449.308
-544.4871,-161422022.6
460.7696,97825359.89
-535.2446,-153340502.9
450.1797,91234211.35
-543.083,-160176435.6
-478.4825,-109546416.5
-917.3985,-772100932.7
795.0912,502632816.9
855.9522,627116947.5
-568.0579,-183306477.5
-293.4343,-25265775.54
946.9381,849111596.5
958.216,879812757.2
-453.5112,-93274740.8
811.9833,535354295.5
219.2018,10532521.35
227.0186,11699958.55
956.1462,874123729.6
-596.4104,-212146379.2
-567.351,-182623000.5
190.4361,6906338.117
23.8932,13640.26963
104.0866,1127676.337
-973.8219,-923503639.1
977.2145,933189207.3
-299.3968,-26837463.25
723.1001,378090064.3
153.9111,3645942.593
-10.5251,-1165.946686
823.2736,557997903.5
77.4825,465169.1181
74.5132,413713.4538
9.4328,839.308998
-84.3069,-599224.2234
-270.4309,-19777388.31
847.9159,609618780.1
915.9962,768565730.8
-90.8983,-751047.2895
-204.3857,-8537908.975
957.7176,878440611.5
-877.9995,-676834995.7
-13.2089,-2304.623345
-624.5853,-243654970.8
-567.8711,-183125701.6
394.9659,61613915.02
703.2379,347781763.3
-706.8037,-353098963.6
-177.6211,-5603813.407
-313.8255,-30907557.67
513.3565,135287351.9
-723.2764,-378366679.6
141.2339,2817194.652
679.464,313689046.7
-491.7709,-118929194.9
-494.669,-121044227.8
843.0155,599110152.8
-567.6468,-182908792.1
-611.3621,-228504910
-881.844,-685764964
-848.6413,-611184722.7
897.5144,722976657.8
475.8903,107775627
929.6092,803343417.3
-408.9878,-68411806.7
383.6015,56447003.23
813.8044,538964426.1
-204.1469,-8508017.381
103.5738,1111091.259
967.4231,905418490.9
833.0951,578207526.1
193.8187,7280932.904
313.2196,30728884.27
381.1924,55390170.25
283.2487,22724993.93
-911.2869,-756772569
-149.2862,-3327047.416
745.0606,413594536.8
785.9181,485435879.3
-833.5221,-579097056.7
220.3102,10693104.58
505.3576,129061409.6
-429.4384,-79195887.16
896.1096,719587134.2
-447.1655,-89413864.9
-801.4761,-514839344.5
18.3476,6176.43379
-0.7111,-0.359577109
329.8349,35883088.81
-794.8959,-502262519.4
358.5151,46081048.93
64.1621,264140.9341
-726.0945,-382806621.5
766.7104,450706750.5
-88.9316,-703344.8597
-972.4627,-919642127.1
971.766,917666969.3
705.8848,351723584.6
402.3513,65135271.33
-311.1282,-30117445.23
998.1717,994525121.9
-716.6153,-368008821.2
51.2195,134371.1407
476.0105,107857313.3
-161.6486,-4223921.544
-864.2739,-645586134.2
-884.4484,-691858851.9
-779.5942,-473811719.1
589.0585,204397359.7
652.9975,278441878.9
-592.4134,-207909637
45.4242,93726.38399
-149.5222,-3342851.123
591.7855,207249246.1
275.5819,20929173.11
177.038,5548805.273
-415.1803,-71566571.98
-556.6434,-172477001.1
355.6416,44981886.59
665.6285,294914228.5
-894.6813,-716151787.7
-820.4419,-552259881.1
679.2514,313394684.9
-153.2917,-3602101.297
555.9755,171856895.5
91.4185,764015.6826
881.8027,685668617.8
-677.0347,-310336447.5
165.6591,4546172.313
-468.4716,-102813419.5
624.7668,243867445.7
-824.8643,-561238588.1
636.4979,257864124.8
65.8078,284991.6376
-389.6012,-59137213.58
815.0722,541487258.9
743.0583,410268967.9
831.5854,575069808.8
-234.3192,-12865409.9
306.8192,28883352.44
-730.3203,-389529288.3
-704.2268,-349250989.8
193.208,7212325.435
911.9353,758389097.9
413.0928,70492494.08
154.0838,3658229.447
-74.015,-405470.47
824.3195,560127274.9
-525.4289,-145058061.5
-591.6798,-207138214.3
-472.7196,-105635727.7
929.7803,803787079.1
498.7349,124053573.7
697.537,339392114.4
-899.7806,-728466988
-321.1622,-33126326.09
246.263,14934734.19
79.7131,506511.2512
41.2115,69993.10603
633.3804,254093678.1
-870.6466,-659972326.1
-416.0845,-72035174.61
-859.9461,-635936414.2
36.2565,47660.39444
379.8761,54818344.02
194.5178,7360003.945
-512.4454,-134568309.6
-74.7978,-418472.0658
597.7586,213588319.7
-889.8715,-704663689.5
788.19,489657895.4
-962.5636,-891842785.6
644.1107,267227741.5
-941.61,-834859101.9
-482.2716,-112169572.3
-978.4323,-936682364.5
-549.7483,-166146686.8
642.1105,264745943.9
495.2017,121435700
709.815,357631297.4
570.4545,185636354.5
634.4671,255403780
784.1124,482097595.7
895.2045,717408916.1
-24.8842,-15408.87917
891.0668,707507076.7
-472.435,-105445049.1
-378.6652,-54295793.39
-274.9496,-20785442.6
-954.3001,-869070299.2
-455.4414,-94470783.54
-609.7515,-226703712.4
-989.4169,-968585520.7
-224.2912,-11283314.76
-449.3669,-90740932.6
-310.21,-29851584.02
-222.649,-11037284.74
-523.3492,-143342407.3
-591.7424,-207203967.3
-319.5453,-32628514.55
402.0218,64975377.47
-607.1339,-223796581.6
-231.7817,-12451951.82
-245.3505,-14769331.63
-321.1043,-33108413.01
548.333,164866778
40.217,65047.2609
574.3834,189498440.5
-94.6468,-847847.6198
27.0047,19693.28069
-37.9846,-54805.31423
164.0991,4418945.014
396.7027,62430306.78
-684.1769,-320261859.4
691.9451,331295025.4
162.3516,4279270.295
84.945,612933.6462
-19.9326,-7919.392259
-936.8998,-822393063.7
716.3094,367537749
931.9836,809514832.5
-49.8051,-123543.9405
-1.2221,-1.82524107
-933.4457,-813330723.9
323.9818,34006492.63
949.538,856124743.2
517.6373,138700073
-375.0737,-52765473.3
185.5805,6391415.057
-499.0977,-124324495.5
-679.6136,-313896290.4
-465.0225,-100559220.9
-448.9258,-90473980.03
668.1872,298328301.6
-507.153,-130441864.1
-39.2922,-60662.32311
325.5755,34510809.67
794.6448,501786690
-650.2037,-274883270.7
448.8401,90422175.44
-934.8225,-816934938.6
-272.2254,-20173717.45
-286.5155,-23520381.66
405.5472,66699752.41
-482.5045,-112332158.5
402.4103,65163929.46
-465.0628,-100585367.3
289.393,24236174.23
-702.5283,-346730041
-65.5047,-281071.8719
314.4088,31080219.63
-912.8897,-760772702.3
305.7524,28583119.44
-702.9646,-347376444.6
422.3645,75346351.1
606.4044,222990844.1
-663.8463,-292551693.9
-609.4394,-226355777.2
380.1284,54927641.68
-485.4262,-114385148.1
676.42,309491923.6
1.4258,2.898516862
-71.0495,-358660.1105
-248.1451,-15279780.36
400.9747,64468996.97
-349.3238,-42626976.3
686.4061,323402522.6
-32.757,-35148.9505
-198.4313,-7813228.632
573.8792,188999847
-116.1167,-1565611.687
783.8257,481568971.8
77.0605,457609.9592
-353.8581,-44308538.36
857.0403,629511592.1
223.1033,11104985.16
940.976,833173868
-978.8666,-937930223.2
328.448,35432342.48
996.0502,988197341.1
644.8744,268179397.3
-567.3105,-182583894
205.9077,8730070.736
822.7664,556967229.6
900.9072,731206718.9
162.3468,4278890.751
992.1736,976704078.2
-913.5868,-762516855.2
-577.5207,-192620570.9
-906.4615,-744814442.4
475.0863,107230299.9
562.8497,178310663.8
598.9055,214820095
873.6712,666874420.1
1.4101,2.803817472
89.0856,707005.0698
648.8367,273153154.5
-956.6172,-875416152.7
-246.253,-14932914.9
-752.7574,-426545240.8
-705.0154,-350425588.1
156.3147,3819437.998
-458.7245,-96528555.65
761.0866,440861553.8
26.2603,18109.19101
942.4025,836968837.9
-599.4628,-215420343.3
272.4998,20234783.57
-997.5407,-992640229.6
603.1123,219378749.7
202.0831,8252584.623
844.7396,602793500.5
915.3617,766969707
-633.6621,-254432858.3
-707.1572,-353629024.2
-660.5312,-288190731
337.268,38364135.11
-733.4401,-394542645.7
-333.5377,-37105201.03
225.0613,11399937.47
-383.4154,-56364889.17
-44.9849,-91033.29828
-695.432,-336328764.6
973.1992,921733198.1
290.8365,24600658.3
897.2799,722410114
641.0224,263402333.2
456.9046,95384232.89
676.6922,309865704.4
907.9756,748552962.9
-481.4163,-111573837.9
-599.0975,-215026765.4
-621.8736,-240495171.4
-712.5442,-361772397.5
-962.398,-891382565.4
-50.9823,-132512.9348
667.6923,297665912.3
-429.2769,-79106570.56
328.5079,35451731.71
592.0899,207569222.5
-691.1975,-330222359.4
401.0906,64524916.59
-992.4736,-977590313.7
-388.5606,-58664622.89
-991.9089,-975922568
-518.2376,-139183181.1
-854.9557,-624929226.8
856.029,627285766.2
-917.5092,-772380468.5
774.0919,463850008.9
61.9168,237369.8246
-112.4214,-1420845.866
-132.7452,-2339141.416
967.2633,904969890.9
717.6782,369648768.2
56.6115,181432.0413
512.8598,134895038.4
292.9846,25149790.98
94.4687,843070.3522
-735.6091,-398053346.4
-255.44,-16667356.19
-516.5641,-137839173.8
-570.9738,-186143785.4
447.4911,89609325.14
982.6521,948853928.1
-741.7533,-408111151
-277.5166,-21373069.52
-441.3997,-85999534.59
412.9068,70397316.67
-771.7,-459563470.8
365.4833,48820543.81
-130.9149,-2243712.642
32.1593,33259.80979
710.7865,359101742
-409.5809,-68709863.84
-488.287,-116419434.6
280.6879,22114191.9
427.8483,78319414.51
-112.1819,-1411784.384
-251.44,-15896558.19
73.3404,394484.3902
926.6428,795677480.8
993.8661,981710943.4
247.0155,15072060.1
-641.4719,-263956833.6
458.2195,96210107.8
800.7785,513496175
-149.4258,-3336389.678
350.2764,42976657.24
-782.8856,-479838305.6
-666.2625,-295757734
4.8227,112.1684559
-656.17,-282519944.2
-801.153,-514216952.1
629.1651,249054201.4
-261.0257,-17784833.65
-465.5134,-100878022.6
468.9693,103141451.9
-417.2522,-72643357
-362.4827,-47627945.97
557.7479,173505733.8
421.2677,74760893.78
833.6947,579456877.4
437.6094,83803069.62
535.3919,153467136.3
-916.2939,-769315329.1
-894.4453,-715585215.3
-439.7141,-85018057.15
-514.1875,-135945408.5
-530.9422,-149672404.3
-334.9691,-37584972.7
-348.7698,-42424488.7
438.1615,84120654.69
531.6456,150268057.3
-451.7122,-92169124.22
-172.6856,-5149539.238
840.7409,594273720.8
121.5003,1793626.661
-148.5481,-3277942.295
-518.1503,-139112854.4
-629.8576,-249877482.6
749.0604,420291410.6
-53.2736,-151194.5499
-43.5497,-82595.33194
-543.0999,-160191389.5
799.1955,510456912.8
-508.3692,-131382551.5
-91.8588,-775108.1495
-286.0038,-23394588.49
-924.9877,-791421552.9
638.1416,259867022.7
-272.0207,-20128242.76
579.6544,194763428.3
986.5694,960246920.4
862.9745,642678673.9
422.8181,75589367.43
740.1573,405482467.4
-118.6029,-1668345.233
-934.9558,-817284458.2
51.903,139822.6029
961.2665,888242240.8
569.7208,184920997
-41.1346,-69602.01865
-212.5412,-9601285.52
908.0749,748798584.3
733.6764,394924110.2
-174.6897,-5330916.708
220.6969,10749510.76
466.5427,101548659.6
-441.4946,-86055015.67
95.9944,884581.1802
53.8908,156510.6489
-866.771,-651198089
-51.9306,-140045.7782
-627.2277,-246760527
-605.7133,-222229305.7
-990.6083,-972088683.7
-868.0839,-654161687.2
900.4788,730164103.1
480.4469,110901185
467.416,102119980.6
-821.5832,-554567801.1
630.1829,250264842.3
-892.7525,-711530015.2
445.2606,88276031.63
-398.4352,-63251830.49
-694.4667,-334930176.1
876.3386,673001177.9
862.4973,641613115
944.0288,841309380.5
739.067,403693199.3
-745.1016,-413662819.7
-590.048,-205429130.5
820.4572,552290778.2
-630.0178,-250068195.1
47.8504,109561.1842
-445.2711,-88282276.87
-157.8125,-3930286.407
-411.0659,-69459932.04
127.1771,2056964.293
186.0594,6441022.976
58.5945,201173.401
-374.3958,-52479888.59
810.8509,533117586.5
288.6532,24050777.98
178.8051,5716625.018
-993.2912,-980008322
-921.8194,-783316962.7
-397.8844,-62989873.45
-777.7573,-470470382.2
-86.7854,-653642.0878
267.0542,19045756.94
-0.6278,-0.247436597
376.7092,53458735.28
872.1645,663430168.3
-514.8394,-136463129.4
290.3698,24482419.56
-10.3356,-1104.096619
-134.795,-2449183.637
126.1417,2007132.48
-33.7099,-38306.4929
150.539,3411513.391
-354.5225,-44558586.91
912.927,760865960
-102.4904,-1076588.073
-215.7974,-10049365.07
54.6939,163612.5739
472.121,105234939.3
-922.6797,-785512132.5
254.4114,16466818.69
406.2189,67031722.17
-137.1837,-2581710.472
-513.976,-135777722.8
-356.3637,-45256438.97
-42.4352,-76415.02511
225.0624,11400104.63
-280.4597,-22060299.05
-191.3653,-7007927.04
-82.7261,-566144.9684
-473.6391,-106253352.5
691.5243,330690970.9
-763.1146,-444395126.8
742.608,409523539.8
-171.8097,-5071577.174
971.7937,917745445.3
536.9376,154800176.6
-837.1409,-586672433.4
-831.7343,-575378772.4
-136.3093,-2532657.5
-523.0516,-143098013.5
-306.5514,-28807787.95
-58.0746,-195865.832
243.6708,14468065.54
499.9052,124928913.5
237.8955,13463521.9
-477.4141,-108814237.7
-969.6387,-911653538.3
216.8569,10198111.02
-959.2652,-882705979.6
-594.7289,-210357077.6
-2.713,-19.9686811
-2.9777,-26.40236452
722.0572,376456507.4
-505.1821,-128926995.4
888.8036,702129814.7
-450.0274,-91141646.51
223.2802,11131421.74
-374.6245,-52576119.51
856.8856,629170763.7
-840.4208,-593595195.7
503.6829,127782570.6
-209.791,-9233376.81
596.7783,212539213.4
-55.1428,-167674.2776
-469.236,-103317519.8
-360.8187,-46975035
-228.2491,-11891242.1
-387.8075,-58324175.97
-796.0369,-504428480.5
-196.5068,-7588094.842
241.1051,14015841.93
-670.6064,-301580378.2
117.7169,1631234.696
-471.5042,-104823027
828.2204,568116980.8
-433.9327,-81708480.82
763.1658,444484580.8
-143.3077,-2943124.118
-436.6654,-83261905.06
-516.8082,-138034672
413.7351,70821822.73
326.3777,34766536.91
-449.9617,-91101734.73
-265.2399,-18660211.7
-706.7908,-353079630.6
917.7527,772995583.5
675.9522,308850250.3
-121.3108,-1785247.363
-209.0219,-9132199.142
-610.1957,-227199530
-935.4784,-818655704.8
681.1489,316028448.3
387.785,58314024.92
-225.3645,-11446073.17
740.3309,405767845.6
-135.4768,-2486536.22
-413.9106,-70911985.52
-633.2206,-253901405.4
-886.936,-697713054.3
952.436,863987396.6
471.1241,104569724.2
159.2665,4039925.056
-411.6335,-69748060.45
-520.7566,-141222647.4
568.4915,183726552.8
-374.8973,-52691060.3
303.7038,28012423.13
-232.1549,-12512196.72
-426.1615,-77396734.46
-569.3651,-184574852
-420.9765,-74605966.21
50.6671,130070.3002
-574.3894,-189504379
767.959,452912287.5
-156.7198,-3849210.008
-755.124,-430580959.1
-267.8934,-19225871.82
387.9638,58394724.45
782.2432,478658074.7
638.7843,260652983.7
646.5223,270240557.3
-928.3209,-800008100.6
420.8411,74534002.1
-966.8457,-903798279.4
-29.4672,-25586.83758
580.9694,196091954.5
-445.4292,-88376347.99
779.7372,474072499
-720.86,-374587070.2
200.2631,8031613.551
957.3685,877480354
431.2844,80221586.89
-38.045,-55067.17094
113.7296,1471026.631
538.5189,156171884.2
976.6185,931482801.1
-167.2918,-4681919.714
-96.0026,-884807.8867
-5.6558,-180.9181469
-910.4469,-754681779
649.0845,273466237.4
-65.7133,-283765.6558
-189.5498,-6810358.776
-433.7803,-81622421.39
581.1379,196262623.1
274.7107,20731309.09
93.5215,817964.3798
378.5482,54245479.98
-401.4478,-64697462.38
-59.7017,-212794.3504
20.8837,9107.985645
-980.6091,-942948029.9
-459.5858,-97073302.52
455.5493,94537943.53
735.437,397774031.1
-866.0795,-649640776.9
655.2069,281277754.9
932.5822,811075654.6
-519.6122,-140293651.2
-806.5327,-524645485.6
-318.3938,-32277047.9
-707.5375,-354199862.4
208.4076,9051918.957
48.9478,117273.4038
-179.6382,-5796903.678
-311.4517,-30211488.08
-410.1754,-69009492.07
684.4818,320690219.5
-401.326,-64638592.26
-294.8198,-25625358.02
-943.1502,-838962566.4
-720.1443,-373472460.3
-884.8899,-692895458
662.938,291352494.8
503.7877,127862349.3
-901.2979,-732158447.5
598.6472,214542267.6
634.8935,255919066.2
553.8969,169936552.5
41.4008,70962.05758
